timestamp,temperature,humidity,smoke
2026-03-13 19:18:17.977591,30.69866456769853,62.46160212456154,133
2026-03-13 19:18:22.999414,29.52600079599084,62.08779376251601,132
2026-03-13 19:18:28.035070,29.061739886894234,64.85167378526481,111
2026-03-13 19:18:33.068726,30.36845645367893,60.772888410737245,127
2026-03-13 19:18:38.100098,26.495882448355488,60.42013355478722,128
2026-03-13 19:18:43.128894,30.75195356525792,55.98738340898192,135
2026-03-13 19:18:48.161358,28.85741836580735,63.73752803646106,121
2026-03-13 19:18:53.193559,31.078218711459726,55.30340102957356,135
2026-03-13 19:18:58.229865,31.422811436724842,66.91745280125511,126
2026-03-13 19:19:03.259346,30.202162004343048,56.64921883791744,100
2026-03-13 19:19:08.291064,30.152914897776952,64.9012267057522,106
2026-03-13 19:19:13.321529,26.781776883798624,63.044204197539734,133
2026-03-13 19:19:18.352290,26.969800375773623,59.916709105121875,125
2026-03-13 19:19:23.383817,29.632850372530868,63.97850330527582,114
2026-03-13 19:19:28.416811,26.000749492686086,58.507519473944896,130
2026-03-13 19:19:33.449217,27.366610649329015,66.09636399350852,136
2026-03-13 19:19:38.482293,30.648568051544707,65.06569036505577,134
2026-03-13 19:19:43.513862,28.3097846197524,61.49245482067005,132
2026-03-13 19:19:48.545629,26.312836119946084,65.01801867563721,129
2026-03-13 19:19:53.565910,29.900964828493873,65.39563533219888,114
2026-03-13 19:19:58.591756,26.330428164766722,65.50034751555167,110
2026-03-13 19:20:03.623856,27.760910267009038,60.137347005155966,113
2026-03-13 19:20:08.650502,27.156046670426335,60.06990948146868,116
2026-03-13 19:20:13.674162,30.899057103280597,68.54981790143742,135
2026-03-13 19:20:18.708721,29.72244368238843,57.57952914173363,139
2026-03-13 19:20:23.741789,27.447379014295567,56.062329694825664,108
2026-03-13 19:20:28.770914,28.13046662660693,63.67905998085861,133
2026-03-13 19:20:33.792049,26.550100464444157,68.47343816517274,102
2026-03-13 19:20:38.823424,28.154753232744213,59.54907812950592,124
2026-03-13 19:20:43.856150,28.767146628420214,61.23410040971836,135
2026-03-13 19:20:48.884942,30.73135713403262,66.97066665168828,140
2026-03-13 19:20:53.908673,28.05572838434236,65.12138941293114,126
2026-03-13 19:20:58.940789,27.62248947068193,55.36567137188656,114
2026-03-13 19:21:03.973749,28.473563314496815,59.92411730754942,123
2026-03-13 19:21:09.005901,29.830649538520355,64.03041013814867,115
2026-03-13 19:21:14.039317,29.880656483182058,68.84490314456389,134
2026-03-13 19:21:19.066979,29.23745897002065,57.76622319195219,125
2026-03-13 19:21:24.085322,26.689097455753398,65.19266826576656,109
2026-03-13 19:21:29.108941,28.03749183042659,65.48340532459389,112
2026-03-13 19:21:34.138563,26.172239123083656,63.72965677037486,113
2026-03-13 19:21:39.167642,31.24972162436279,64.9396916556195,139
2026-03-13 19:21:44.190550,26.47580262836176,59.25480946116788,104
2026-03-13 19:21:49.222237,30.06031410616418,56.439600714847266,117
2026-03-13 19:21:54.254861,27.13903761483548,60.09024121883068,112
2026-03-13 19:21:59.284055,29.51564299570027,63.328560240176536,128
2026-03-13 19:22:04.316298,26.03051797680443,58.24765767662625,125
2026-03-13 19:22:09.349384,28.242491165564996,66.35537114031497,105
2026-03-13 19:22:14.380802,29.829199503082414,66.1667255241235,110
2026-03-13 19:22:19.411841,31.603959719728987,69.91163747003716,116
2026-03-13 19:22:24.436696,31.07167390793756,68.72945412332936,111
2026-03-13 19:22:29.464350,30.416228837711117,68.35054766154957,105
2026-03-13 19:22:34.496571,26.883191526377345,62.18607329497567,103
2026-03-13 19:22:39.529800,30.996585146244946,59.39431369407244,106
2026-03-13 19:22:44.561248,27.64851140276156,61.58139634108234,104
2026-03-13 19:22:49.592218,26.851257565980756,63.8576210172385,129
2026-03-13 19:22:54.616379,28.78921749920312,69.89181040544668,116
2026-03-13 19:22:59.649747,27.82550801949081,68.22720920178692,132
2026-03-13 19:23:04.681123,26.87646911599128,55.68276604989401,103
2026-03-13 19:23:09.712748,29.80098862873627,61.80826800041823,108
2026-03-13 19:23:14.742426,29.362256889701897,58.0695056617903,113
2026-03-13 19:23:19.774383,31.529457434512697,67.08775678877325,107
2026-03-13 19:23:24.805990,31.52187432769375,63.72866260219087,107
2026-03-13 19:23:29.829972,29.188173376241316,57.44835705306399,104
2026-03-13 19:23:34.853381,31.048268033190254,68.6723668653695,129
2026-03-13 19:23:39.877457,29.76506852729666,61.99044709099603,106
2026-03-13 19:23:44.900869,27.36870677757164,66.49456252199833,108
2026-03-13 19:23:49.924496,26.700045740454406,64.34576265520225,125
2026-03-13 19:23:54.959337,26.45782369656952,55.59092969515781,124
2026-03-13 19:23:59.992006,31.383176582678836,62.70618020251107,118
2026-03-13 19:24:05.024267,31.919362572134283,57.90510057825278,121
2026-03-13 19:24:10.056996,26.417446910646717,57.42192582360212,129
2026-03-13 19:24:15.090183,31.756533272234638,55.21991180114384,117
2026-03-13 19:24:20.121891,26.10863115713727,67.01321580039486,106
2026-03-13 19:24:25.157069,26.365598918120433,55.36538743865183,117
2026-03-13 19:24:30.187836,30.588309735422605,62.30503316898485,117
2026-03-13 19:24:35.217707,29.599309619747093,63.98166530725458,112
2026-03-13 19:24:40.253207,30.11526420096667,56.07191020703045,136
2026-03-13 19:24:45.282979,27.26337714838987,60.49659070343819,140
2026-03-13 19:24:50.314206,30.89703875970811,59.26155227639225,101
2026-03-13 19:24:55.345787,31.218643037687684,63.35046567534089,139
2026-03-13 19:25:00.377443,29.529023706779174,57.25522518467041,125
2026-03-13 19:25:05.409190,27.791392735910357,58.65574711385042,129
2026-03-13 19:25:10.433443,28.197260339647578,69.94319256670471,117
2026-03-13 19:25:15.461140,28.84169035430238,62.19536052947314,128
2026-03-13 19:25:20.489081,29.54031189635514,61.78184574569707,123
2026-03-13 19:25:25.510544,30.418531615067064,64.13282754121641,123
2026-03-13 19:25:30.541914,28.818481862623656,67.71706615815748,124
2026-03-13 19:25:35.573368,29.069467194231837,63.76768996894876,102
2026-03-13 19:25:40.602851,26.521211352776703,64.33409991723391,109
2026-03-13 19:25:45.625853,28.51668984799042,61.0390214446981,116
2026-03-13 19:25:50.658528,29.823545294521924,58.84315008706271,118
2026-03-13 19:25:55.685879,30.649153733712275,56.83492811397425,109
2026-03-13 19:26:00.719184,31.54566874419851,57.3860448370762,139
2026-03-13 19:26:05.751097,30.054932031507782,64.03092606992435,125
2026-03-13 19:26:10.775507,30.409472933362174,59.39621019856979,100
2026-03-13 19:26:15.799034,29.977903223103077,62.095710626352314,115
2026-03-13 19:26:20.823761,27.826435777627477,61.42555631399567,126
2026-03-13 19:26:25.847084,27.199476282160777,64.03906244884595,118
2026-03-13 19:26:30.868193,27.797927720483948,56.27610188378056,135
2026-03-13 19:26:35.896411,27.48022199041074,55.95035973902085,140
2026-03-13 19:26:40.928341,29.12676856970446,69.51544819399271,102
2026-03-13 19:26:45.956216,28.71350855670066,61.65771140071921,126
2026-03-13 19:26:50.987074,31.662142699724352,68.06534618741296,103
2026-03-13 19:26:56.020244,28.213247761097513,67.27455534854272,120
2026-03-13 19:27:01.049637,28.72787709863679,63.86542619036948,133
2026-03-13 19:27:06.072734,27.534003179266104,67.49984856634025,122
2026-03-13 19:27:11.102422,27.906177968452198,57.68342921582845,128
2026-03-13 19:27:16.157771,30.966430348458104,67.12716477230309,124
2026-03-13 19:27:21.190587,28.77404076724321,59.46887974455767,122
2026-03-13 19:27:26.223077,26.20895560788229,65.52068361569701,135
2026-03-13 19:27:31.254540,30.30155329241129,60.148350067684646,125
2026-03-13 19:27:36.285962,28.85152758702315,65.26144334465633,102
2026-03-13 19:27:41.319080,30.04925870516895,55.2364654495374,135
2026-03-13 19:27:46.351003,30.61532894619496,62.25349831127332,115
2026-03-13 19:27:51.384247,30.614164932502497,57.59950120051866,106
2026-03-13 19:27:56.415167,27.952349137004568,57.60483449904429,110
2026-03-13 19:28:01.446062,29.014544264038047,60.45837510859426,134
2026-03-13 19:28:06.478298,31.866902343154862,60.41322886204714,107
2026-03-13 19:28:11.509780,29.012207652218788,64.80607317308454,117
2026-03-13 19:28:16.533865,26.75055928814902,58.69799843868266,139
2026-03-13 19:28:21.566857,26.74359905245424,65.51758964679932,124
2026-03-13 19:28:26.598643,31.20138062898563,67.46638450714141,135
2026-03-13 19:28:31.630951,26.68590888904452,68.04162392153597,109
2026-03-13 19:28:36.663203,28.083655596426844,57.41847532279768,113
2026-03-13 19:28:41.690257,30.18528233781975,58.216645174984585,123
2026-03-13 19:28:46.721383,27.86030122377406,63.967293943458465,109
2026-03-13 19:28:51.752807,30.20236620863208,64.51376366438798,139
2026-03-13 19:28:56.782869,26.975269360319864,62.16814082979123,115
2026-03-13 19:29:01.814788,29.129628885198866,67.56299690628951,131
2026-03-13 19:29:06.845071,27.515845535230575,66.76941604967402,106
2026-03-13 19:29:11.876073,29.2644785054687,57.245545503245225,123
2026-03-13 19:29:16.907525,30.18228062999844,63.18453268087624,110
2026-03-13 19:29:21.939048,26.187532919339848,66.61866902911919,100
2026-03-13 19:29:26.971092,27.354223705041985,59.30777941860573,110
2026-03-13 19:29:32.002508,29.46724088324946,56.98850832177799,130
2026-03-13 19:29:37.033683,27.414904213163062,60.000606350753095,140
2026-03-13 19:29:42.065486,31.064809837770188,62.7833863890594,112
2026-03-13 19:29:47.097567,30.982416262235667,57.74559156427944,140
2026-03-13 19:29:52.129194,31.80856910883521,59.41562404662973,127
2026-03-13 19:29:57.161865,27.347973971045906,64.68812120039385,125
2026-03-13 19:30:02.192221,29.397044606339783,66.6813279571231,117
2026-03-13 19:30:07.224789,29.30986110442423,62.56906342536098,117
2026-03-13 19:30:12.256596,31.943427712905926,58.466754104098655,118
2026-03-13 19:30:17.288994,26.35797681570214,65.07180655674486,120
2026-03-13 19:30:22.318988,30.642172459474285,63.75205304247925,125
2026-03-13 19:30:27.349819,30.28220169193265,55.07320206489414,124
2026-03-13 19:30:32.380504,26.843875215722512,64.4906095959467,121
2026-03-13 19:30:37.413490,30.082432625023692,62.19689677352166,121
2026-03-13 19:30:42.445167,31.022280245595468,62.206068286305694,118
2026-03-13 19:30:47.476902,27.16825964841081,58.9643443560678,123
2026-03-13 19:30:52.508744,27.430101869753734,65.53513986567673,121
2026-03-13 19:30:57.540242,31.922661702368664,63.9630431105311,108
2026-03-13 19:31:02.565037,29.605062059674967,69.60407756518657,134
2026-03-13 19:31:07.600735,28.113370188189897,59.65847510956335,108
2026-03-13 19:31:12.630402,27.01922367635405,69.29394391657247,118
2026-03-13 19:31:17.654781,31.639282483228705,60.74829772334748,104
2026-03-13 19:31:22.688190,31.54661840093668,57.49165385173748,100
2026-03-13 19:31:27.711086,30.581149672122805,57.57666811163424,119
2026-03-13 19:31:32.741874,26.401200581799454,56.93321469074191,118
2026-03-13 19:31:37.772897,29.96496203628951,56.8267517530753,106
2026-03-13 19:31:42.804609,26.622415013661282,63.48142751651111,121
2026-03-13 19:31:47.836820,31.707864086330524,67.1028221594109,131
2026-03-13 19:31:52.868491,30.17495326503603,69.16616046776997,120
2026-03-13 19:31:57.901518,27.667916664461337,65.12818421618374,121
2026-03-13 19:32:02.932019,29.608808041256115,57.521500728108194,124
2026-03-13 19:32:07.963258,31.37336035311054,56.08544602200025,106
2026-03-13 19:32:12.994628,30.793991791118486,68.64962486655268,132
2026-03-13 19:32:18.017093,26.105525409740867,66.31087464553262,138
2026-03-13 19:32:23.044747,29.91846721053812,60.67209366060275,126
2026-03-13 19:32:28.076473,30.36168947201016,66.85803730187659,135
2026-03-13 19:32:33.105651,31.39675583131161,58.52249488996208,126
2026-03-13 19:32:38.137343,27.351571241608216,63.812851933776365,109
2026-03-13 19:32:43.159747,28.869132114943337,56.40256493956578,118
2026-03-13 19:32:48.180226,26.99344916897604,59.27568635020874,120
2026-03-13 19:32:53.198552,28.93492405349926,55.9906033129595,117
2026-03-13 19:32:58.216670,26.683838308986857,66.45476118042156,101
2026-03-13 19:33:03.234577,30.788482303020395,68.43476671707758,136
2026-03-13 19:33:08.253018,30.638784899590433,65.08951414418894,135
2026-03-13 19:33:13.271503,31.266172996619883,62.314207346877225,124
2026-03-13 19:33:18.286034,27.002327761621032,60.68699444885412,119
2026-03-13 19:33:23.319417,26.763337309486438,59.89895064484087,122
2026-03-13 19:33:28.375160,28.523650977410096,65.09621370949394,138
2026-03-13 19:33:33.400164,28.556570618627944,59.48353614261687,133
2026-03-13 19:33:38.426383,28.841632390216258,68.26908264302618,138
2026-03-13 19:33:43.457661,26.47560240011849,66.53805197283009,131
2026-03-13 19:33:48.489098,31.8209926321237,56.50921688266748,130
2026-03-13 19:33:53.521017,30.777220325906832,58.03806671958641,129
2026-03-13 19:33:58.552884,30.416872428876985,61.47594614646472,132
2026-03-13 19:34:03.578735,27.521795478095733,66.00070727289699,125
2026-03-13 19:34:08.610981,28.569424860895744,65.39235673773356,108
2026-03-13 19:34:13.642403,30.200689130478665,68.92215627639669,110
2026-03-13 19:34:18.673706,27.400432761541687,59.94364725155982,110
2026-03-13 19:34:23.710698,27.88337240609118,61.04743979308203,119
2026-03-13 19:34:28.736475,27.633437573120716,67.41454153800484,126
2026-03-13 19:34:33.767953,30.233557508613696,63.7439516991039,120
2026-03-13 19:34:38.799922,31.944333210069942,66.12617059400543,135
2026-03-13 19:34:43.832226,28.00091784601357,64.84424242655962,135
2026-03-13 19:34:48.864287,30.034429637921498,55.890389588981144,110
2026-03-13 19:34:53.891998,29.81359244796053,56.64736488945186,113
2026-03-13 19:34:58.923558,30.397919876572892,60.01056100733812,128
2026-03-13 19:35:03.954250,26.672452091422432,55.932224859036374,139
2026-03-13 19:35:08.985390,28.817882169128666,61.99316108263323,136
2026-03-13 19:35:14.017426,28.828590586969295,62.686507759914,136
2026-03-13 19:35:19.047377,27.020968178733035,55.63348765860803,128
2026-03-13 19:35:24.078897,27.237975090607,63.64443143996865,101
2026-03-13 19:35:29.109930,29.37917890047355,61.80145170876672,130
2026-03-13 19:35:34.141538,27.217950768193983,63.73410362978144,101
2026-03-13 19:35:39.164768,30.467797308979648,58.73688227699845,136
2026-03-13 19:35:44.196648,28.643621083377315,56.51851569495939,135
2026-03-13 19:35:49.223643,28.56202986955209,65.13338812138689,120
2026-03-13 19:35:54.255630,30.03981468973347,59.79061745042402,120
2026-03-13 19:35:59.287575,31.269780328314113,64.22985939544509,121
2026-03-13 19:36:04.321481,29.81328593426015,67.78587927048264,133
2026-03-13 19:36:09.349123,28.001433216880773,66.50068680613597,123
2026-03-13 19:36:14.380036,27.23865570200886,66.25545222544929,112
2026-03-13 19:36:19.412494,27.855939951112035,64.31199472430283,102
2026-03-13 19:36:24.437602,28.07011146721254,64.90748846514578,134
2026-03-13 19:36:29.470952,30.63343610901995,57.447738291416954,135
2026-03-13 19:36:34.504072,27.37915415613641,63.91271529837134,100
2026-03-13 19:36:39.537282,26.229492287716475,63.23014842002517,111
2026-03-13 19:36:44.569115,27.97553264157427,61.70543752673822,111
2026-03-13 19:36:49.599754,30.72185723199113,63.34256689964194,117
2026-03-13 19:36:54.630094,30.341412236206402,67.36177031238708,105
2026-03-13 19:36:59.661697,30.713071693704073,67.77318963820113,112
2026-03-13 19:37:04.694679,26.241183198693438,69.53994001439457,108
2026-03-13 19:37:09.724478,30.597300950830665,64.13800424934578,114
2026-03-13 19:37:14.753268,28.46437660396813,67.33592998939879,140
2026-03-13 19:37:19.784207,26.422472265893987,61.23405874675868,110
2026-03-13 19:37:24.807858,29.324370796197055,56.02145020680583,125
2026-03-13 19:37:29.834422,31.246902043538334,57.55314675719807,116
2026-03-13 19:37:34.857083,27.33626669312275,58.25534680895459,108
2026-03-13 19:37:39.887590,30.59146509538746,69.596081719783,106
2026-03-13 19:37:44.917821,29.926709143343608,63.63178744277366,140
2026-03-13 19:37:49.941040,31.93589755135256,60.96207515917383,117
2026-03-13 19:37:54.972585,30.213854589120405,62.041629741150714,105
2026-03-13 19:38:00.004139,31.275137941731106,60.274971904126694,119
2026-03-13 19:38:05.035758,27.188342878746564,62.46069230863132,109
2026-03-13 19:38:10.067289,28.83011291379398,64.84395298514072,123
2026-03-13 19:38:15.098039,29.54957505696274,65.16863106099963,124
2026-03-13 19:38:20.129371,27.637497035286174,62.01008861129196,106
2026-03-13 19:38:25.162211,30.217509904522025,66.5500854217471,140
2026-03-13 19:38:30.193931,29.434520028640968,66.52983757454231,110
2026-03-13 19:38:35.232457,30.926133868761617,66.15247393464823,113
2026-03-13 19:38:40.258503,30.597068675993114,63.9685315990027,113
2026-03-13 19:38:45.289714,29.40396473893101,69.54013587882736,116
2026-03-13 19:38:50.321225,31.90184843558056,59.931179046047376,113
2026-03-13 19:38:55.352168,26.615545353646652,59.27351049000622,118
2026-03-13 19:39:00.383219,27.538647336491586,57.68468960904542,129
2026-03-13 19:39:05.413101,31.524201357754894,62.307585349917204,111
2026-03-13 19:39:10.439891,26.770858997802993,62.37354679384681,113
2026-03-13 19:39:15.471751,28.567211436485483,63.49619397497652,118
2026-03-13 19:39:20.501206,29.72216754542561,68.82030839775786,114
2026-03-13 19:39:25.531976,29.861034136418386,66.90088313583307,101
2026-03-13 19:39:30.563129,29.200136520655814,65.71589494931574,137
2026-03-13 19:39:35.595590,30.030456623553107,55.08347165142343,109
2026-03-13 19:39:40.627403,28.425937409340364,57.416483579397024,103
2026-03-13 19:39:45.659239,28.747524269012942,55.022476140686464,109
2026-03-13 19:39:50.690403,29.188790705049595,65.19640600696229,134
2026-03-13 19:39:55.722839,27.37592132464491,66.36194063675842,114
2026-03-13 19:40:00.754791,26.79877877758743,63.23304077744539,121
2026-03-13 19:40:05.786448,30.94075495104255,57.170358736558946,111
2026-03-13 19:40:10.817917,29.740528875773613,57.451589668468586,140
2026-03-13 19:40:15.850009,29.95144683640011,68.39184443661158,115
2026-03-13 19:40:20.878756,31.711410515048954,56.495926827471685,125
2026-03-13 19:40:25.906960,31.942293813726728,65.48899592804796,131
2026-03-13 19:40:30.938511,29.791748707238135,67.189817106059,106
2026-03-13 19:40:35.969273,30.48569662003964,68.13884844178105,131
2026-03-13 19:40:41.001117,31.240509880092837,59.43635151611686,126
2026-03-13 19:40:46.032483,27.521912646213675,55.69828098545114,134
2026-03-13 19:40:51.064241,28.528810785979626,68.1075464679991,103
2026-03-13 19:40:56.090625,27.975684186124838,63.09184923931277,132
2026-03-13 19:41:01.117175,31.0965120080115,63.234237161044206,113
2026-03-13 19:41:06.149655,26.237649149058875,62.94353109735402,129
2026-03-13 19:41:11.181292,26.34836109278286,67.13497120465888,124
2026-03-13 19:41:16.215211,26.712597558423123,55.27468267959475,127
2026-03-13 19:41:21.243633,26.504322681668157,62.746983291773326,134
2026-03-13 19:41:26.272784,26.451248703654944,68.33143122176013,136
2026-03-13 19:41:31.298905,27.23653144431585,59.34071333192331,134
2026-03-13 19:41:36.331029,30.035161355622073,62.4484361309368,115
2026-03-13 19:41:41.362090,27.269108372285547,61.365009217972016,128
2026-03-13 19:41:46.384417,26.653981779190715,60.3327254498777,136
2026-03-13 19:41:51.416377,26.261778333866086,66.63953372225534,134
2026-03-13 19:41:56.447367,28.665200496851476,66.63788553750874,135
2026-03-13 19:42:01.480520,28.849626975217177,61.85857824690595,117
2026-03-13 19:42:06.513945,26.20798926899942,68.10242923947898,108
2026-03-13 19:42:11.546230,30.786639154052132,69.27660008515245,117
2026-03-13 19:42:16.578625,31.032652394930096,62.413740513144866,106
2026-03-13 19:42:21.610057,26.96763452434693,56.041682178443985,106
2026-03-13 19:42:26.636968,27.40419626771209,68.32655621215454,125
2026-03-13 19:42:31.666338,31.534709746338006,69.73700629613259,112
2026-03-13 19:42:36.697852,29.319211136445453,55.1306140181662,118
2026-03-13 19:42:41.731451,29.99043085525663,67.85446459827446,122
2026-03-13 19:42:46.759237,28.744718528385278,63.462359197579296,133
2026-03-13 19:42:51.783820,29.143714090875154,60.39866531971649,125
2026-03-13 19:42:56.813481,26.137531863072827,58.43838525917956,125
2026-03-13 19:43:01.845545,28.91573849259427,66.06804905358428,107
2026-03-13 19:43:06.877799,31.599916282916812,65.09229092532223,125
2026-03-13 19:43:11.900038,31.657927682942884,59.984237597466716,130
2026-03-13 19:43:16.929369,26.14302257951761,69.40846717841757,118
2026-03-13 19:43:21.961501,27.138236765361796,69.56463803553386,112
2026-03-13 19:43:26.993094,31.092508363465516,60.371431204498776,120
2026-03-13 19:43:32.024315,29.291757372825657,58.97590143712188,113
2026-03-13 19:43:37.056296,30.42921888413492,55.25066646351942,119
2026-03-13 19:43:42.088564,26.60707566563474,64.34772993487199,126
2026-03-13 19:43:47.119930,31.746533999427662,57.71579029632693,112
2026-03-13 19:43:52.147791,27.167123983853458,55.064257109776655,125
2026-03-13 19:43:57.179247,31.817764231795913,55.14715243895466,102
2026-03-13 19:44:02.208939,28.935749531720873,68.44880186374208,112
2026-03-13 19:44:07.240182,26.549632959369767,65.78988815079518,138
2026-03-13 19:44:12.272301,31.909962024736906,62.97718094579647,125
2026-03-13 19:44:17.295700,30.2511194930288,60.75657247007192,130
2026-03-13 19:44:22.322594,28.997404406809373,67.30076187580534,126
2026-03-13 19:44:27.354330,29.079265232156498,62.80709502194729,135
2026-03-13 19:44:32.385698,27.88591582525386,60.26883181562553,124
2026-03-13 19:44:37.415186,31.835745451258298,60.26645784087787,140
2026-03-13 19:44:42.447694,29.086405460762574,60.415043516007415,125
2026-03-13 19:44:47.480353,26.249931419510578,56.555625009546134,110
2026-03-13 19:44:52.511557,30.889606785124844,58.5794135717587,130
2026-03-13 19:44:57.544002,29.069305933851233,59.66802276322101,124
2026-03-13 19:45:02.575298,28.707930292123415,65.41369579450105,108
2026-03-13 19:45:07.609321,29.586953091487935,59.131463321428306,113
2026-03-13 19:45:12.634604,27.78829099490418,61.28705486875246,138
2026-03-13 19:45:17.659028,26.007323905103565,67.68653283363614,126
2026-03-13 19:45:22.690447,31.640962949334956,62.93893615763546,123
2026-03-13 19:45:27.721911,30.10181793133801,55.10479662942025,124
2026-03-13 19:45:32.753808,26.63184635106279,56.6089087294213,127
2026-03-13 19:45:37.786429,28.59071335917048,62.696560019184545,111
2026-03-13 19:45:42.818011,31.97593242713325,62.789520646851294,118
2026-03-13 19:45:47.849536,28.539294718723134,67.01772134205923,123
2026-03-13 19:45:52.881054,26.671790640798285,69.29809517021673,140
2026-03-13 19:45:57.913079,30.669002656080856,66.24079875619091,110
2026-03-13 19:46:02.943726,28.478901249100808,59.64688806456559,133
2026-03-13 19:46:07.973771,30.645736649828958,64.62127791665787,105
2026-03-13 19:46:13.003149,27.660367298822674,64.42465811732788,112
2026-03-13 19:46:18.030820,29.405817573365056,68.85896830137108,131
2026-03-13 19:46:23.063171,26.353996726651697,55.031981702029434,131
2026-03-13 19:46:28.094938,30.644908279319,62.724484785138564,113
2026-03-13 19:46:33.124801,26.967478331591867,62.663597883136326,113
2026-03-13 19:46:38.155329,28.8460991510955,68.74138468820065,102
2026-03-13 19:46:43.187588,26.012784703933775,55.62694851059349,136
2026-03-13 19:46:48.219432,26.828785100895402,56.148541851565284,108
2026-03-13 19:46:53.249420,30.431374809408926,60.68811953241794,138
2026-03-13 19:46:58.277103,30.38894268327483,68.46877184029492,124
2026-03-13 19:47:03.303738,27.1159139453157,63.374811271049126,121
2026-03-13 19:47:08.327912,29.998735489397635,56.202178317134106,131
2026-03-13 19:47:13.360295,30.512271322493156,55.41421042909978,113
2026-03-13 19:47:18.390618,28.060348222588978,55.610221017728136,122
2026-03-13 19:47:23.414248,26.949801631573163,55.19072343903613,114
2026-03-13 19:47:28.435690,28.070197906050254,67.18449414266863,121
2026-03-13 19:47:33.461765,27.91590688891938,58.020888454680126,112
2026-03-13 19:47:38.494656,29.082463351329352,65.96127198571152,135
2026-03-13 19:47:43.526398,26.25990840219459,69.53741591700869,126
2026-03-13 19:47:48.558796,27.20925248989726,69.27758416123103,122
2026-03-13 19:47:53.588996,29.524448096660425,56.82382560096781,115
2026-03-13 19:47:58.608057,31.061386974381918,55.43763777156876,109
2026-03-13 19:48:03.629660,29.745085747108302,55.46091815279947,106
2026-03-13 19:48:08.656095,26.274217040308486,65.188393442787,138
2026-03-13 19:48:13.686206,26.418821360130632,64.70515028048555,100
2026-03-13 19:48:18.717634,29.347938245760822,55.79719495705471,134
2026-03-13 19:48:23.750189,27.784146352717016,57.45348201887563,103
2026-03-13 19:48:28.782145,26.87498073934648,55.85805601780129,138
2026-03-13 19:48:33.806698,31.354195495525065,64.39999083813376,134
2026-03-13 19:48:38.827971,27.283304662782378,67.85993436241421,106
2026-03-13 19:48:43.846055,28.84525494062716,59.44345368631524,130
2026-03-13 19:48:48.863830,31.797766555208973,65.2048362011986,112
2026-03-13 19:48:53.877929,26.76800402934487,69.20743582282726,120
2026-03-13 19:48:58.892769,30.50284991474721,60.17259177806835,116
2026-03-13 19:49:03.910503,31.069849557478108,64.80695542312355,120
2026-03-13 19:49:08.930527,31.675254272146056,57.89966532528995,111
2026-03-13 19:49:13.952067,27.976375388311837,69.83675247991354,113
2026-03-13 19:49:18.973838,27.86904730806459,65.15545866280462,104
2026-03-13 19:49:23.997963,27.6515113021441,62.30357022413834,128
2026-03-13 19:49:29.020062,31.65579684891307,60.956750115405455,118
2026-03-13 19:49:34.046359,30.437585540535036,59.343844657620956,117
2026-03-13 19:49:39.157490,27.52966341312748,58.33701098111816,121
2026-03-13 19:49:44.196262,30.73983523406625,59.117823855167,125
2026-03-13 19:49:49.219610,27.37007288117096,69.49129590505211,139
2026-03-13 19:49:54.246144,30.55582956911409,67.43296902683151,132
2026-03-13 19:49:59.268684,26.453853771258242,59.53252378549513,113
2026-03-13 19:50:04.289029,28.514104363377715,65.1154987998397,120
2026-03-13 19:50:09.312800,29.32694417391075,60.30522911987468,109
2026-03-13 19:50:14.335236,31.62172734445647,65.67896555278739,131
2026-03-13 19:50:19.358645,28.18843484896394,67.94988811577078,131
2026-03-13 19:50:24.386157,30.12417723162915,66.12116558320291,102
2026-03-13 19:50:29.418817,31.72875648990402,64.38882315013544,135
2026-03-13 19:50:34.441957,28.986209034853797,55.874990475221104,128
2026-03-13 19:50:39.464486,30.012016503016355,59.13426712858873,140
2026-03-13 19:50:44.495195,31.735342637725807,62.73960093402564,105
2026-03-13 19:50:49.527785,28.29072239921584,57.50111111401445,128
2026-03-13 19:50:54.551264,31.39720211483622,64.59509421010618,128
2026-03-13 19:50:59.582810,26.821396161327993,62.455078527880886,115
2026-03-13 19:51:04.613097,27.640682188941074,64.04173319395028,137
2026-03-13 19:51:09.643846,26.50162539902833,68.51405814778524,108
2026-03-13 19:51:14.674831,27.339878180108066,67.9897083952936,140
2026-03-13 19:51:19.706759,28.262738610732363,55.01985624583745,136
2026-03-13 19:51:24.730034,27.527447838115187,60.48848551062385,111
2026-03-13 19:51:29.761752,26.37631373368574,56.3764770608547,140
2026-03-13 19:51:34.793971,27.439787942239608,69.31780865171419,104
2026-03-13 19:51:39.827681,28.601954268909804,60.40318393638498,130
2026-03-13 19:51:44.860873,26.618149965619327,67.95315954838318,126
2026-03-13 19:51:49.892151,30.775548017768706,65.8422845885913,114
2026-03-13 19:51:54.924368,30.75577975595203,59.90677604746334,104
2026-03-13 19:51:59.956171,31.368421634728904,63.29689648430771,123
2026-03-13 19:52:04.987921,30.791050895210223,66.27197949409432,127
2026-03-13 19:52:10.013516,28.42393843061041,59.57976975621363,106
2026-03-13 19:52:15.043695,30.409213705479246,55.6339609122789,122
2026-03-13 19:52:20.072925,26.23809532666881,56.3897410333666,101
2026-03-13 19:52:25.104939,29.589014286187464,59.748640959042206,105
2026-03-13 19:52:30.137925,28.426937915795904,67.34480789347543,103
2026-03-13 19:52:35.169941,31.045688554457662,66.60821750072188,107
2026-03-13 19:52:40.201637,29.990938118817056,56.90732744064849,135
2026-03-13 19:52:45.233251,29.391492964572663,64.09971148464662,127
